n,L_n,U_n,g_n,bound_2pi3_over_n2,passes_1e-4
6,2.598076211353316,3.4641016151377544,0.8660254037844384,1.7225709266833231,False
12,2.9999999999999996,3.2153903091734723,0.2153903091734728,0.4306427316708308,False
24,3.105828541230249,3.1596599420975,0.053831400867251133,0.1076606829177077,False
48,3.1326286132812378,3.146086215131435,0.013457601850197065,0.026915170729426924,False
96,3.1393502030468667,3.1427145996453683,0.003364396598501518,0.006728792682356731,False
192,3.1410319508905093,3.1418730499798233,0.0008410990893139569,0.0016821981705891827,False
384,3.1414524722854615,3.141662747056848,0.00021027477138657602,0.0004205495426472957,False
768,3.1415576079118575,3.141610176604689,5.2568692831655994e-05,0.00010513738566182392,True
1536,3.1415838921483177,3.1415970343215256,1.3142173207913999e-05,2.628434641545598e-05,True
